{"cameraMode":{"drawMode":0,"name":"Shaded","section":"Shading Mode"},"sceneLighting":false,"audioPlay":false,"sceneViewState":{"showFog":false,"showMaterialUpdate":false,"showSkybox":false,"showFlares":false,"showImageEffects":false,"showParticleSystems":false},"in2DMode":false,"pivot":{"x":2.161437511444092,"y":1.3918752670288087,"z":2.9925804138183595},"rotation":{"x":0.11542238295078278,"y":-0.16459821164608003,"z":0.019397016614675523,"w":0.9793958067893982},"size":14.120454788208008,"orthographic":false}