{"cameraMode":{"drawMode":0,"name":"Shaded","section":"Shading Mode"},"sceneLighting":false,"audioPlay":false,"sceneViewState":{"showFog":false,"showMaterialUpdate":false,"showSkybox":false,"showFlares":false,"showImageEffects":false,"showParticleSystems":false},"in2DMode":false,"pivot":{"x":-4.4258880615234379,"y":2.7783944606781008,"z":6.193497657775879},"rotation":{"x":-0.0008020284003578126,"y":0.9988186955451965,"z":-0.04528697580099106,"w":-0.017679855227470399},"size":8.336530685424805,"orthographic":false}