{"cameraMode":{"drawMode":0,"name":"Shaded","section":"Shading Mode"},"sceneLighting":false,"audioPlay":false,"sceneViewState":{"showFog":false,"showMaterialUpdate":false,"showSkybox":false,"showFlares":false,"showImageEffects":false,"showParticleSystems":false},"in2DMode":false,"pivot":{"x":-2.093843936920166,"y":3.3820948600769045,"z":10.478464126586914},"rotation":{"x":-0.015242104418575764,"y":0.09345120191574097,"z":-0.0014333338476717473,"w":-0.9955152273178101},"size":29.101280212402345,"orthographic":false}