{"cameraMode":{"drawMode":0,"name":"Shaded","section":"Shading Mode"},"sceneLighting":false,"audioPlay":false,"sceneViewState":{"showFog":false,"showMaterialUpdate":false,"showSkybox":false,"showFlares":false,"showImageEffects":false,"showParticleSystems":false},"in2DMode":false,"pivot":{"x":3.56898832321167,"y":-4.256301403045654,"z":-2.928356647491455},"rotation":{"x":-0.0661683976650238,"y":-0.840463399887085,"z":0.10544539988040924,"w":-0.5273893475532532},"size":6.864256858825684,"orthographic":false}