{"cameraMode":{"drawMode":0,"name":"Shaded","section":"Shading Mode"},"sceneLighting":false,"audioPlay":false,"sceneViewState":{"showFog":false,"showMaterialUpdate":false,"showSkybox":false,"showFlares":false,"showImageEffects":false,"showParticleSystems":false},"in2DMode":false,"pivot":{"x":0.41169166564941409,"y":-1.7129279375076295,"z":-7.791921615600586},"rotation":{"x":-0.18077340722084046,"y":0.019764544442296029,"z":-0.0036336227785795929,"w":-0.9833215475082398},"size":32.243404388427737,"orthographic":false}